Roofs/right,Shadows/left-dirt,Roofs/left,Roofs/roof,Roofs/roof,Roofs/roof,Roofs/roof,Roofs/roof,Roofs/roof,Roofs/roof,Roofs/cobbled,Roofs/roof,Roofs/roof,Roofs/roof,Roofs/roof,Roofs/roof,Roofs/roof,Roofs/roof,Roofs/roof,Roofs/right,Shadows/left,floor,cobbled-floor,cobbled-floor,cobbled-floor,floor,floor,floor,floor,Roofs/left,Roofs/roof,Roofs/roof,Roofs/roof,Roofs/roof,Roofs/roof,Roofs/roof,Roofs/right,Shadows/left,floor,cobbled-floor
Roofs/right,Shadows/left-dirt,Roofs/bottom-left-edge,Roofs/bottom,Roofs/bottom-left,Roofs/roof,Roofs/brick,Roofs/bottom-right,Roofs/bottom,Roofs/bottom,Roofs/bottom,Walls/Decor/pillar-head,Roofs/bottom,Roofs/bottom,Roofs/bottom,Roofs/bottom-left,Roofs/roof,Roofs/cobbled,Roofs/roof,Roofs/right,Shadows/left-dirt,floor,cobbled-floor,cobbled-floor,cobbled-floor,floor,floor,floor,floor,Roofs/left,Roofs/roof,Roofs/brick,Roofs/roof,Roofs/roof,Roofs/roof,Roofs/roof,Roofs/right,Shadows/left,floor,floor
Roofs/right,Shadows/left,Walls/left,Walls/wall,Roofs/left,Roofs/roof,Roofs/roof,Roofs/right,Walls/wall,Walls/cobbled,Walls/wall,Walls/Decor/pillar,Walls/wall,Walls/cobbled,Walls/cobbled,Roofs/left,Roofs/roof,Roofs/roof,Roofs/roof,Roofs/right,Shadows/left-dirt,floor,cobbled-floor,cobbled-floor,cobbled-floor,floor,floor,floor,floor,Roofs/left,Roofs/roof,Roofs/roof,Roofs/roof,Roofs/roof,Roofs/roof,Roofs/cobbled,Roofs/top-right,Roofs/top,Roofs/top,Roofs/top
Roofs/right,Shadows/left,Shadows/top,Shadows/top-dirt,Roofs/bottom-left-edge,Roofs/bottom,Roofs/bottom,Roofs/bottom-right-edge,Shadows/left-arc,Shadows/top,Shadows/top-dirt,Walls/Decor/pillar-bottom,Shadows/top-dirt,Shadows/top,Shadows/top-dirt,Roofs/left,Roofs/roof,Roofs/roof,Roofs/roof,Roofs/right,Shadows/left-dirt,floor,cobbled-floor,cobbled-floor,cobbled-floor,floor,floor,floor,floor,Roofs/bottom-left-edge,Roofs/bottom,Roofs/bottom,Roofs/bottom,Roofs/bottom,Roofs/bottom,Roofs/bottom,Roofs/bottom,Roofs/bottom,Roofs/bottom,Roofs/bottom
Roofs/right,Shadows/left-dirt,dirt-floor,floor,Walls/left,Walls/cobbled,Walls/window,Walls/right,Shadows/left,cobbled-floor,cobbled-floor,floor,floor,cobbled-floor,floor,Roofs/left,Roofs/roof,Roofs/roof,Roofs/roof,Roofs/right,Shadows/left,floor,cobbled-floor,cobbled-floor,cobbled-floor,floor,floor,floor,floor,Walls/left,Walls/wall,Walls/wall,Walls/wall,Walls/wall,Walls/wall,Walls/wall,Walls/wall,Walls/wall,Walls/wall,Walls/wall
Roofs/right,Shadows/left,floor,floor,Shadows/top,Shadows/top,Shadows/top,Shadows/top,Shadows/top-left,floor,floor,floor,floor,floor,floor,Roofs/left,Roofs/roof,Roofs/brick,Roofs/roof,Roofs/right,Shadows/left-dirt,floor,cobbled-floor,cobbled-floor,cobbled-floor,floor,floor,floor,floor,Shadows/top,Shadows/top-dirt,Shadows/top-dirt,Shadows/top-dirt,Shadows/top-dirt,Shadows/top,Shadows/top,Shadows/top,Shadows/top-dirt,Shadows/top-dirt,Shadows/top
Roofs/right,Shadows/left,Roofs/top-left-edge,Roofs/top,Roofs/top,Roofs/top,Roofs/top,Roofs/top,Roofs/top,Roofs/top,Roofs/top,Roofs/top,Roofs/top,Roofs/top,Roofs/top,Roofs/top-left,Roofs/roof,Roofs/roof,Roofs/bottom-right,Roofs/bottom-right-edge,Shadows/left,floor,cobbled-floor,cobbled-floor,cobbled-floor,floor,floor,floor,floor,floor,floor,floor,floor,floor,floor,floor,floor,floor,floor,floor
Roofs/right,Shadows/left,Roofs/left,Roofs/roof,Roofs/roof,Roofs/roof,Roofs/roof,Roofs/roof,Roofs/roof,Roofs/cobbled,Roofs/cobbled,Roofs/roof,Roofs/roof,Roofs/roof,Roofs/roof,Roofs/roof,Roofs/bottom-right,Roofs/bottom,Roofs/bottom-right-edge,Walls/right,Shadows/left,floor,cobbled-floor,cobbled-floor,cobbled-floor,floor,floor,floor,floor,floor,floor,floor,floor,floor,floor,floor,floor,Roofs/top-left-edge,Roofs/top,Roofs/top
Roofs/right,Shadows/left-dirt,Roofs/left,Roofs/brick,Roofs/roof,Roofs/roof,Roofs/bottom-right,Roofs/bottom,Roofs/bottom,Roofs/bottom,Roofs/bottom-left,Roofs/roof,Roofs/roof,Roofs/bottom-right,Roofs/bottom,Roofs/bottom,Roofs/bottom-right-edge,Walls/cobbled,Walls/right,Shadows/left-arc,Shadows/top-left,floor,cobbled-floor,cobbled-floor,cobbled-floor,floor,floor,floor,floor,floor,floor,floor,floor,floor,floor,floor,floor,Roofs/left,Roofs/roof,Roofs/roof
Roofs/bottom-right-edge,Shadows/left,Roofs/left,Roofs/roof,Roofs/roof,Roofs/roof,Roofs/right,Walls/wall,Walls/Decor/green-fountain-head,Walls/wall,Roofs/left,Roofs/roof,Roofs/roof,Roofs/right,Walls/wall,Walls/cobbled,Walls/right,Shadows/left-arc,Shadows/top,Shadows/top-left,floor,floor,cobbled-floor,cobbled-floor,cobbled-floor,floor,floor,floor,floor,floor,floor,floor,floor,floor,floor,floor,floor,Roofs/left,Roofs/cobbled,Roofs/roof
Walls/right,Shadows/left,Roofs/bottom-left-edge,Roofs/bottom,Roofs/bottom,Roofs/bottom,Roofs/bottom-right-edge,Shadows/left-arc,Walls/Decor/green-fountain-bottom,Shadows/top-dirt,Roofs/bottom-left-edge,Roofs/bottom,Roofs/bottom,Roofs/bottom-right-edge,Shadows/left-arc,Shadows/top,Shadows/top,Shadows/top-left,floor,floor,floor,floor,cobbled-floor,cobbled-floor,cobbled-floor,cobbled-floor,floor,floor,floor,floor,floor,floor,floor,floor,floor,floor,floor,Roofs/left,Roofs/cobbled,Roofs/roof
Shadows/top-dirt,Shadows/top-left,Walls/left,Walls/cobbled,Walls/window,Walls/wall,Walls/right,Shadows/left,floor,floor,Walls/left,Walls/Doors/left-open,Walls/Doors/right-open,Walls/right,Shadows/left,floor,floor,floor,floor,floor,floor,cobbled-floor,cobbled-floor,cobbled-floor,cobbled-floor,cobbled-floor,cobbled-floor,floor,floor,floor,floor,floor,floor,floor,floor,floor,floor,Roofs/bottom-left-edge,Roofs/bottom,Roofs/bottom
floor,floor,Shadows/top,Shadows/top,Shadows/top-dirt,Shadows/top,Shadows/top,Shadows/top-left,dirt-floor,floor,Shadows/top-dirt,Shadows/top-dirt,Shadows/top,Shadows/top-dirt,Shadows/top-left,floor,floor,floor,floor,floor,cobbled-floor,cobbled-floor,cobbled-floor,cobbled-floor,cobbled-floor,cobbled-floor,cobbled-floor,cobbled-floor,floor,floor,floor,floor,floor,floor,floor,floor,floor,Walls/left,Walls/wall,Walls/wall
cobbled-floor,cobbled-floor,cobbled-floor,cobbled-floor,cobbled-floor,cobbled-floor,cobbled-floor,cobbled-floor,cobbled-floor,cobbled-floor,cobbled-floor,cobbled-floor,cobbled-floor,cobbled-floor,cobbled-floor,cobbled-floor,cobbled-floor,cobbled-floor,cobbled-floor,cobbled-floor,cobbled-floor,cobbled-floor,cobbled-floor,cobbled-floor,cobbled-floor,cobbled-floor,cobbled-floor,cobbled-floor,cobbled-floor,cobbled-floor,cobbled-floor,cobbled-floor,cobbled-floor,cobbled-floor,cobbled-floor,cobbled-floor,cobbled-floor,Shadows/top,Shadows/top,Shadows/top
cobbled-floor,cobbled-floor,cobbled-floor,cobbled-floor,cobbled-floor,cobbled-floor,cobbled-floor,cobbled-floor,cobbled-floor,cobbled-floor,cobbled-floor,cobbled-floor,cobbled-floor,cobbled-floor,cobbled-floor,cobbled-floor,cobbled-floor,cobbled-floor,cobbled-floor,cobbled-floor,cobbled-floor,cobbled-floor,cobbled-floor,cobbled-floor,cobbled-floor,cobbled-floor,cobbled-floor,cobbled-floor,cobbled-floor,cobbled-floor,cobbled-floor,cobbled-floor,cobbled-floor,cobbled-floor,cobbled-floor,cobbled-floor,cobbled-floor,cobbled-floor,cobbled-floor,cobbled-floor
cobbled-floor,cobbled-floor,cobbled-floor,cobbled-floor,cobbled-floor,cobbled-floor,cobbled-floor,cobbled-floor,cobbled-floor,cobbled-floor,cobbled-floor,cobbled-floor,cobbled-floor,cobbled-floor,cobbled-floor,cobbled-floor,cobbled-floor,cobbled-floor,cobbled-floor,cobbled-floor,cobbled-floor,cobbled-floor,cobbled-floor,cobbled-floor,cobbled-floor,cobbled-floor,cobbled-floor,cobbled-floor,cobbled-floor,floor,floor,floor,floor,floor,floor,Roofs/top-left-edge,Roofs/top,Roofs/top,Roofs/top,Roofs/top
floor,floor,Roofs/top-left-edge,Roofs/top,Roofs/top,Roofs/top,Roofs/top-right-edge,Shadows/bottom-left,floor,floor,floor,floor,floor,floor,floor,floor,floor,floor,floor,cobbled-floor,cobbled-floor,cobbled-floor,cobbled-floor,cobbled-floor,cobbled-floor,cobbled-floor,cobbled-floor,cobbled-floor,cobbled-floor,floor,floor,floor,floor,Roofs/top-left-edge,Roofs/top,Roofs/top-left,Roofs/roof,Roofs/roof,Roofs/roof,Roofs/roof
floor,Roofs/top-left-edge,Roofs/top-left,Roofs/roof,Roofs/brick,Roofs/roof,Roofs/right,Shadows/left-dirt,floor,floor,floor,floor,floor,floor,floor,floor,floor,floor,floor,floor,cobbled-floor,cobbled-floor,cobbled-floor,cobbled-floor,cobbled-floor,cobbled-floor,cobbled-floor,cobbled-floor,floor,floor,floor,floor,Roofs/top-left-edge,Roofs/top-left,Roofs/roof,Roofs/roof,Roofs/roof,Roofs/roof,Roofs/roof,Roofs/roof
Roofs/top,Roofs/top-left,Roofs/roof,Roofs/roof,Roofs/roof,Roofs/cobbled,Roofs/top-right,Roofs/top,Roofs/top-right-edge,floor,floor,floor,floor,floor,floor,floor,floor,floor,floor,floor,floor,floor,cobbled-floor,cobbled-floor,cobbled-floor,cobbled-floor,floor,floor,floor,floor,floor,Roofs/top-left-edge,Roofs/top-left,Roofs/roof,Roofs/roof,Roofs/roof,Roofs/roof,Roofs/roof,Roofs/roof,Roofs/roof
Roofs/roof,Roofs/brick,Roofs/roof,Roofs/roof,Roofs/roof,Roofs/roof,Roofs/roof,Roofs/roof,Roofs/top-right,Roofs/top-right-edge,Shadows/bottom-left,floor,floor,floor,floor,floor,floor,floor,floor,floor,floor,floor,cobbled-floor,cobbled-floor,cobbled-floor,cobbled-floor,floor,floor,floor,floor,floor,Roofs/left,Roofs/roof,Roofs/roof,Roofs/roof,Roofs/roof,Roofs/roof,Roofs/roof,Roofs/roof,Roofs/roof
Roofs/roof,Roofs/roof,Roofs/roof,Roofs/roof,Roofs/roof,Roofs/roof,Roofs/roof,Roofs/roof,Roofs/roof,Roofs/right,Shadows/left,floor,floor,floor,floor,floor,floor,floor,floor,floor,floor,floor,cobbled-floor,cobbled-floor,cobbled-floor,cobbled-floor,floor,floor,floor,floor,Roofs/top-left-edge,Roofs/top-left,Roofs/roof,Roofs/roof,Roofs/roof,Roofs/roof,Roofs/roof,Roofs/roof,Roofs/roof,Roofs/roof
Roofs/roof,Roofs/roof,Roofs/roof,Roofs/roof,Roofs/roof,Roofs/roof,Roofs/roof,Roofs/roof,Roofs/roof,Roofs/right,Shadows/left-dirt,floor,floor,floor,floor,floor,floor,floor,floor,floor,floor,floor,cobbled-floor,cobbled-floor,cobbled-floor,cobbled-floor,floor,floor,floor,floor,Roofs/left,Roofs/roof,Roofs/roof,Roofs/roof,Roofs/roof,Roofs/roof,Roofs/roof,Roofs/roof,Roofs/roof,Roofs/roof
Roofs/roof,Roofs/roof,Roofs/roof,Roofs/cobbled,Roofs/roof,Roofs/roof,Roofs/roof,Roofs/roof,Roofs/cobbled,Roofs/right,Shadows/left-dirt,floor,floor,floor,floor,floor,floor,floor,floor,floor,floor,floor,cobbled-floor,cobbled-floor,cobbled-floor,cobbled-floor,floor,floor,floor,floor,Roofs/left,Roofs/roof,Roofs/roof,Roofs/roof,Roofs/roof,Roofs/roof,Roofs/roof,Roofs/roof,Roofs/roof,Roofs/roof
Roofs/roof,Roofs/roof,Roofs/roof,Roofs/roof,Roofs/roof,Roofs/roof,Roofs/roof,Roofs/roof,Roofs/bottom-right,Roofs/bottom-right-edge,Shadows/left,floor,floor,floor,floor,floor,floor,floor,floor,floor,floor,floor,cobbled-floor,cobbled-floor,cobbled-floor,cobbled-floor,floor,floor,floor,floor,Roofs/left,Roofs/roof,Roofs/roof,Roofs/roof,Roofs/roof,Roofs/roof,Roofs/roof,Roofs/roof,Roofs/roof,Roofs/roof
Roofs/roof,Roofs/roof,Roofs/roof,Roofs/roof,Roofs/brick,Roofs/brick,Roofs/roof,Roofs/bottom-right,Roofs/bottom-right-edge,Walls/right,Shadows/left,floor,floor,floor,floor,floor,floor,floor,floor,floor,floor,floor,cobbled-floor,cobbled-floor,cobbled-floor,cobbled-floor,floor,floor,floor,floor,Roofs/bottom-left-edge,Roofs/bottom,Roofs/bottom-left,Roofs/roof,Roofs/roof,Roofs/roof,Roofs/roof,Roofs/roof,Roofs/roof,Roofs/roof
Roofs/bottom,Roofs/bottom,Roofs/bottom,Roofs/bottom,Roofs/bottom,Roofs/bottom,Roofs/bottom,Roofs/bottom-right-edge,Walls/right,Shadows/left-arc,floor,floor,floor,floor,floor,floor,floor,floor,floor,floor,floor,cobbled-floor,cobbled-floor,cobbled-floor,cobbled-floor,floor,floor,floor,floor,floor,Walls/left,Walls/wall,Roofs/bottom-left-edge,Roofs/bottom,Roofs/bottom,Roofs/bottom,Roofs/bottom-left,Roofs/roof,Roofs/roof,Roofs/roof
Walls/wall,Walls/wall,Walls/cobbled,Walls/cobbled,Walls/cobbled,Walls/cobbled,Walls/cobbled,Walls/right,Shadows/left-arc,Shadows/top-left,floor,floor,floor,floor,floor,floor,cobbled-floor,cobbled-floor,cobbled-floor,cobbled-floor,cobbled-floor,cobbled-floor,cobbled-floor,cobbled-floor,floor,floor,floor,floor,floor,floor,Shadows/top,Shadows/top-dirt,Walls/left,Walls/wall,Walls/wall,Walls/wall,Roofs/bottom-left-edge,Roofs/bottom,Roofs/bottom,Roofs/bottom
Shadows/top-dirt,Shadows/top,Shadows/top-dirt,Shadows/top-dirt,Shadows/top-dirt,Shadows/top-dirt,Shadows/top,Shadows/top,Shadows/top-left,floor,floor,floor,floor,cobbled-floor,cobbled-floor,cobbled-floor,cobbled-floor,cobbled-floor,cobbled-floor,cobbled-floor,cobbled-floor,cobbled-floor,cobbled-floor,floor,floor,floor,floor,floor,floor,floor,floor,floor,Shadows/top,Shadows/top-dirt,Shadows/top,Shadows/top,Walls/left,Walls/wall,Walls/wall,Walls/wall
floor,floor,floor,floor,floor,floor,floor,floor,floor,floor,floor,floor,cobbled-floor,cobbled-floor,cobbled-floor,cobbled-floor,cobbled-floor,cobbled-floor,cobbled-floor,cobbled-floor,cobbled-floor,cobbled-floor,cobbled-floor,floor,floor,floor,floor,floor,floor,floor,floor,floor,floor,floor,floor,floor,Shadows/top,Shadows/top,Shadows/top,Shadows/top
floor,floor,floor,floor,floor,floor,floor,floor,floor,floor,floor,cobbled-floor,cobbled-floor,cobbled-floor,cobbled-floor,cobbled-floor,cobbled-floor,cobbled-floor,cobbled-floor,cobbled-floor,cobbled-floor,cobbled-floor,floor,floor,floor,floor,floor,floor,floor,floor,floor,floor,floor,floor,floor,floor,floor,floor,floor,floor
floor,floor,floor,floor,floor,floor,floor,floor,floor,floor,floor,cobbled-floor,cobbled-floor,cobbled-floor,cobbled-floor,cobbled-floor,cobbled-floor,cobbled-floor,cobbled-floor,cobbled-floor,cobbled-floor,floor,floor,floor,floor,floor,floor,floor,floor,floor,floor,floor,floor,floor,floor,floor,floor,floor,floor,floor
floor,floor,floor,floor,floor,floor,floor,floor,floor,floor,floor,cobbled-floor,cobbled-floor,cobbled-floor,cobbled-floor,cobbled-floor,cobbled-floor,cobbled-floor,cobbled-floor,cobbled-floor,cobbled-floor,floor,floor,floor,floor,floor,floor,floor,floor,floor,dirt-floor,dirt-floor,dirt-floor,dirt-floor,dirt-floor,dirt-floor,floor,floor,floor,floor
floor,floor,floor,floor,floor,floor,floor,floor,floor,floor,cobbled-floor,cobbled-floor,cobbled-floor,cobbled-floor,cobbled-floor,cobbled-floor,cobbled-floor,cobbled-floor,cobbled-floor,cobbled-floor,floor,floor,floor,floor,floor,floor,floor,dirt-floor,dirt-floor,dirt-floor,floor,floor,floor,floor,floor,floor,floor,floor,floor,floor
floor,floor,floor,floor,floor,floor,floor,floor,cobbled-floor,cobbled-floor,cobbled-floor,cobbled-floor,cobbled-floor,cobbled-floor,cobbled-floor,cobbled-floor,cobbled-floor,cobbled-floor,cobbled-floor,floor,floor,floor,floor,floor,floor,dirt-floor,dirt-floor,floor,floor,floor,floor,floor,floor,floor,floor,floor,floor,floor,floor,floor
Houses/Wood/top-left-roof,Houses/Wood/top-roof,Houses/Wood/chimney,Houses/Wood/top-roof,Houses/Wood/top-right-roof,Shadows/bottom-left,cobbled-floor,cobbled-floor,cobbled-floor,cobbled-floor,cobbled-floor,cobbled-floor,cobbled-floor,cobbled-floor,cobbled-floor,cobbled-floor,cobbled-floor,cobbled-floor,cobbled-floor,floor,floor,floor,floor,dirt-floor,dirt-floor,dirt-floor,floor,floor,floor,floor,floor,floor,floor,floor,floor,floor,floor,floor,floor,floor
Houses/Wood/left-roof,Houses/Wood/roof,Houses/Wood/point,Houses/Wood/roof,Houses/Wood/right-roof,Shadows/left-dirt,cobbled-floor,cobbled-floor,cobbled-floor,cobbled-floor,cobbled-floor,cobbled-floor,cobbled-floor,cobbled-floor,cobbled-floor,cobbled-floor,cobbled-floor,cobbled-floor,floor,floor,floor,floor,floor,dirt-floor,floor,floor,floor,floor,floor,floor,floor,floor,floor,floor,floor,floor,floor,floor,floor,floor
Houses/Wood/left-wall,Houses/Wood/wall,Houses/Wood/wall,Houses/Wood/wall,Houses/Wood/right-wall,Shadows/left-dirt,cobbled-floor,cobbled-floor,cobbled-floor,cobbled-floor,cobbled-floor,cobbled-floor,cobbled-floor,cobbled-floor,cobbled-floor,cobbled-floor,cobbled-floor,floor,floor,floor,floor,floor,floor,floor,floor,floor,floor,floor,floor,floor,floor,floor,floor,floor,floor,floor,floor,floor,floor,floor
Houses/Wood/left-wall,Houses/Wood/wall,Houses/Wood/door,Houses/Wood/wall,Houses/Wood/right-wall,Shadows/left,cobbled-floor,cobbled-floor,cobbled-floor,cobbled-floor,cobbled-floor,cobbled-floor,cobbled-floor,cobbled-floor,cobbled-floor,floor,floor,floor,floor,floor,floor,floor,floor,floor,floor,floor,floor,floor,floor,floor,floor,floor,floor,floor,floor,floor,floor,floor,floor,floor
Shadows/top-dirt,Shadows/top,Shadows/top-dirt,Shadows/top,Shadows/top,Shadows/top-left,cobbled-floor,cobbled-floor,cobbled-floor,cobbled-floor,cobbled-floor,cobbled-floor,cobbled-floor,floor,floor,floor,floor,floor,floor,floor,floor,floor,floor,floor,floor,floor,Roofs/top-left-edge,Roofs/top,Roofs/top,Roofs/top,Roofs/top,Roofs/top,Roofs/top,Roofs/top,Roofs/top,Roofs/top,Roofs/top,Roofs/top,Roofs/top,Roofs/top
floor,floor,floor,floor,floor,cobbled-floor,cobbled-floor,cobbled-floor,cobbled-floor,cobbled-floor,cobbled-floor,floor,floor,floor,floor,floor,floor,floor,floor,floor,floor,floor,floor,floor,Roofs/top-left-edge,Roofs/top,Roofs/top-left,Roofs/roof,Roofs/roof,Roofs/roof,Roofs/roof,Roofs/roof,Roofs/roof,Roofs/roof,Roofs/roof,Roofs/roof,Roofs/roof,Roofs/roof,Roofs/roof,Roofs/roof
floor,floor,floor,floor,floor,cobbled-floor,cobbled-floor,cobbled-floor,cobbled-floor,floor,floor,floor,floor,floor,floor,floor,floor,floor,floor,floor,floor,floor,floor,floor,Roofs/left,Roofs/bottom-right,Roofs/bottom,Roofs/bottom,Roofs/bottom,Roofs/bottom,Roofs/bottom,Roofs/bottom,Roofs/bottom,Roofs/bottom,Roofs/bottom,Roofs/bottom,Roofs/bottom,Roofs/bottom,Roofs/bottom,Roofs/bottom
floor,dirt-floor,floor,floor,floor,cobbled-floor,cobbled-floor,cobbled-floor,floor,floor,floor,floor,floor,dirt-floor,dirt-floor,floor,floor,floor,floor,floor,floor,floor,floor,Roofs/top-left-edge,Roofs/top-left,Roofs/right,Walls/wall,Walls/wall,Walls/wall,Walls/wall,Walls/wall,Walls/Doors/left-open,Walls/Doors/right-open,Walls/wall,Walls/wall,Walls/wall,Walls/wall,Walls/window,Walls/wall,Walls/wall
floor,dirt-floor,floor,floor,floor,cobbled-floor,cobbled-floor,cobbled-floor,floor,floor,floor,floor,floor,floor,floor,dirt-floor,dirt-floor,floor,floor,floor,floor,floor,floor,Roofs/left,Roofs/roof,Roofs/right,Shadows/left-arc,Shadows/top,Shadows/top-dirt,Shadows/top,Shadows/top,cobbled-floor,cobbled-floor,Shadows/top,Shadows/top-dirt,Shadows/top-dirt,Shadows/top-dirt,Shadows/top-dirt,Shadows/top,Shadows/top
floor,dirt-floor,floor,floor,floor,cobbled-floor,cobbled-floor,floor,floor,floor,floor,floor,floor,floor,floor,floor,floor,dirt-floor,floor,floor,floor,floor,floor,Roofs/left,Roofs/roof,Roofs/right,Shadows/left-dirt,floor,floor,floor,floor,cobbled-floor,cobbled-floor,floor,floor,floor,floor,floor,floor,floor
floor,dirt-floor,floor,floor,floor,cobbled-floor,cobbled-floor,floor,floor,floor,floor,floor,floor,floor,floor,floor,floor,floor,dirt-floor,floor,floor,floor,floor,Roofs/left,Roofs/roof,Roofs/right,Shadows/left,floor,floor,floor,floor,cobbled-floor,cobbled-floor,floor,floor,floor,floor,floor,floor,floor
floor,dirt-floor,floor,floor,floor,cobbled-floor,cobbled-floor,floor,floor,floor,floor,floor,floor,floor,floor,floor,floor,floor,dirt-floor,dirt-floor,floor,floor,floor,Roofs/left,Roofs/roof,Roofs/right,Shadows/left,floor,floor,floor,floor,cobbled-floor,cobbled-floor,floor,floor,floor,floor,floor,floor,floor
floor,dirt-floor,floor,floor,floor,cobbled-floor,cobbled-floor,floor,floor,floor,floor,dirt-floor,floor,floor,floor,floor,floor,floor,floor,floor,floor,floor,floor,Roofs/bottom-left-edge,Roofs/bottom,Roofs/bottom-right-edge,Shadows/left-dirt,floor,floor,floor,floor,cobbled-floor,cobbled-floor,floor,floor,floor,floor,floor,floor,floor
floor,dirt-floor,floor,floor,floor,cobbled-floor,cobbled-floor,floor,floor,floor,floor,dirt-floor,dirt-floor,dirt-floor,floor,floor,floor,floor,floor,floor,floor,floor,floor,Walls/left,Walls/window,Walls/right,Shadows/left,floor,floor,floor,floor,cobbled-floor,cobbled-floor,floor,floor,floor,floor,floor,floor,floor
floor,dirt-floor,floor,floor,floor,cobbled-floor,cobbled-floor,cobbled-floor,floor,floor,floor,floor,floor,dirt-floor,dirt-floor,floor,floor,floor,floor,floor,floor,floor,floor,Shadows/top-dirt,Shadows/top,Shadows/top,Shadows/top-left,floor,floor,floor,floor,cobbled-floor,cobbled-floor,floor,floor,floor,floor,floor,floor,floor
floor,dirt-floor,floor,floor,cobbled-floor,cobbled-floor,dirt-floor,cobbled-floor,floor,floor,floor,floor,floor,floor,floor,dirt-floor,dirt-floor,floor,floor,floor,floor,floor,floor,floor,floor,floor,floor,floor,floor,floor,floor,cobbled-floor,cobbled-floor,floor,floor,floor,floor,floor,floor,floor
floor,dirt-floor,floor,floor,cobbled-floor,cobbled-floor,cobbled-floor,cobbled-floor,floor,floor,floor,floor,floor,floor,floor,floor,dirt-floor,dirt-floor,dirt-floor,floor,floor,floor,floor,floor,floor,floor,floor,floor,floor,floor,floor,cobbled-floor,cobbled-floor,floor,floor,floor,floor,floor,floor,floor
floor,dirt-floor,floor,cobbled-floor,cobbled-floor,cobbled-floor,cobbled-floor,cobbled-floor,cobbled-floor,cobbled-floor,floor,floor,floor,floor,floor,floor,floor,floor,dirt-floor,dirt-floor,floor,floor,floor,floor,floor,floor,floor,floor,floor,floor,floor,cobbled-floor,cobbled-floor,floor,floor,floor,floor,floor,floor,floor
floor,dirt-floor,floor,floor,floor,cobbled-floor,cobbled-floor,cobbled-floor,cobbled-floor,cobbled-floor,cobbled-floor,cobbled-floor,floor,floor,floor,floor,floor,floor,floor,floor,floor,floor,dirt-floor,dirt-floor,dirt-floor,dirt-floor,dirt-floor,dirt-floor,dirt-floor,floor,floor,cobbled-floor,cobbled-floor,floor,floor,floor,floor,floor,floor,floor
floor,dirt-floor,floor,floor,floor,cobbled-floor,cobbled-floor,cobbled-floor,cobbled-floor,cobbled-floor,cobbled-floor,cobbled-floor,cobbled-floor,cobbled-floor,floor,floor,floor,floor,floor,floor,floor,floor,floor,floor,floor,floor,floor,floor,dirt-floor,floor,cobbled-floor,cobbled-floor,cobbled-floor,floor,floor,floor,floor,floor,floor,floor
floor,dirt-floor,floor,floor,floor,cobbled-floor,cobbled-floor,cobbled-floor,dirt-floor,cobbled-floor,cobbled-floor,cobbled-floor,cobbled-floor,cobbled-floor,cobbled-floor,cobbled-floor,floor,floor,floor,floor,floor,floor,floor,floor,floor,floor,dirt-floor,floor,floor,floor,cobbled-floor,cobbled-floor,cobbled-floor,floor,floor,floor,floor,floor,floor,floor
floor,dirt-floor,dirt-floor,floor,floor,cobbled-floor,cobbled-floor,cobbled-floor,cobbled-floor,cobbled-floor,cobbled-floor,cobbled-floor,cobbled-floor,cobbled-floor,cobbled-floor,cobbled-floor,cobbled-floor,cobbled-floor,floor,floor,floor,floor,floor,floor,floor,floor,dirt-floor,floor,floor,floor,cobbled-floor,cobbled-floor,cobbled-floor,floor,floor,floor,floor,floor,floor,floor
floor,floor,dirt-floor,floor,floor,cobbled-floor,cobbled-floor,cobbled-floor,cobbled-floor,cobbled-floor,cobbled-floor,floor,floor,floor,cobbled-floor,cobbled-floor,cobbled-floor,cobbled-floor,cobbled-floor,cobbled-floor,floor,floor,floor,floor,floor,floor,dirt-floor,floor,floor,cobbled-floor,cobbled-floor,cobbled-floor,cobbled-floor,floor,floor,floor,floor,floor,floor,floor
floor,floor,dirt-floor,floor,floor,cobbled-floor,dirt-floor,cobbled-floor,cobbled-floor,cobbled-floor,floor,floor,floor,floor,floor,floor,cobbled-floor,cobbled-floor,cobbled-floor,cobbled-floor,cobbled-floor,floor,floor,floor,floor,floor,floor,cobbled-floor,cobbled-floor,cobbled-floor,cobbled-floor,cobbled-floor,cobbled-floor,floor,floor,floor,floor,floor,floor,floor
floor,floor,dirt-floor,floor,floor,cobbled-floor,cobbled-floor,cobbled-floor,cobbled-floor,floor,floor,floor,floor,floor,floor,floor,floor,floor,cobbled-floor,cobbled-floor,cobbled-floor,cobbled-floor,cobbled-floor,floor,floor,floor,cobbled-floor,cobbled-floor,cobbled-floor,cobbled-floor,cobbled-floor,cobbled-floor,cobbled-floor,floor,floor,floor,floor,floor,floor,floor
floor,floor,dirt-floor,floor,floor,cobbled-floor,cobbled-floor,cobbled-floor,floor,floor,floor,floor,floor,floor,floor,floor,floor,floor,floor,floor,cobbled-floor,cobbled-floor,cobbled-floor,cobbled-floor,cobbled-floor,cobbled-floor,cobbled-floor,dirt-floor,cobbled-floor,cobbled-floor,cobbled-floor,cobbled-floor,cobbled-floor,floor,floor,floor,floor,floor,floor,floor
floor,floor,dirt-floor,floor,floor,cobbled-floor,cobbled-floor,cobbled-floor,floor,floor,floor,floor,floor,floor,floor,floor,floor,floor,floor,floor,cobbled-floor,floor,floor,cobbled-floor,cobbled-floor,cobbled-floor,cobbled-floor,cobbled-floor,cobbled-floor,cobbled-floor,cobbled-floor,cobbled-floor,cobbled-floor,cobbled-floor,floor,floor,floor,floor,floor,floor
floor,floor,floor,floor,floor,cobbled-floor,cobbled-floor,cobbled-floor,floor,floor,floor,floor,floor,floor,floor,floor,floor,Roofs/top-left-edge,Roofs/top-right-edge,Shadows/bottom-left,cobbled-floor,Roofs/top-left-edge,Roofs/top-right-edge,floor,floor,cobbled-floor,cobbled-floor,cobbled-floor,cobbled-floor,cobbled-floor,cobbled-floor,cobbled-floor,cobbled-floor,cobbled-floor,floor,floor,floor,floor,floor,floor
floor,floor,floor,dirt-floor,cobbled-floor,cobbled-floor,cobbled-floor,cobbled-floor,floor,floor,floor,floor,floor,floor,Roofs/top-left-edge,Roofs/top,Roofs/top,Roofs/top-left,Roofs/right,Shadows/left,cobbled-floor,Roofs/left,Roofs/top-right,Roofs/top,Roofs/top,Roofs/top-right-edge,floor,floor,cobbled-floor,cobbled-floor,cobbled-floor,cobbled-floor,cobbled-floor,cobbled-floor,floor,floor,floor,floor,floor,floor
floor,floor,dirt-floor,dirt-floor,cobbled-floor,cobbled-floor,cobbled-floor,cobbled-floor,floor,floor,floor,floor,floor,Roofs/top-left-edge,Roofs/top-left,Roofs/roof,Roofs/roof,Roofs/roof,Roofs/right,Shadows/left,cobbled-floor,Roofs/left,Roofs/roof,Roofs/brick,Roofs/roof,Roofs/top-right,Roofs/top-right-edge,floor,floor,floor,cobbled-floor,cobbled-floor,cobbled-floor,cobbled-floor,floor,floor,floor,floor,floor,floor
floor,dirt-floor,dirt-floor,dirt-floor,cobbled-floor,cobbled-floor,dirt-floor,cobbled-floor,floor,floor,floor,floor,Roofs/top-left-edge,Roofs/top-left,Roofs/cobbled,Roofs/roof,Roofs/bottom-right,Walls/Decor/pillar-head,Roofs/bottom-right-edge,Shadows/left,cobbled-floor,Roofs/bottom-left-edge,Walls/Decor/pillar-head,Roofs/bottom-left,Roofs/roof,Roofs/roof,Roofs/top-right,Roofs/top-right-edge,floor,floor,floor,cobbled-floor,cobbled-floor,cobbled-floor,cobbled-floor,cobbled-floor,floor,floor,floor,floor
floor,dirt-floor,floor,dirt-floor,cobbled-floor,cobbled-floor,cobbled-floor,cobbled-floor,floor,floor,floor,Roofs/top-left-edge,Roofs/top-left,Roofs/cobbled,Roofs/cobbled,Roofs/bottom,Roofs/bottom-right-edge,Walls/Decor/pillar,Walls/right,Shadows/left,cobbled-floor,Walls/left,Walls/Decor/pillar,Roofs/bottom-left-edge,Roofs/bottom,Roofs/bottom-left,Roofs/roof,Roofs/top-right,Roofs/top-right-edge,floor,floor,cobbled-floor,cobbled-floor,cobbled-floor,cobbled-floor,cobbled-floor,floor,floor,floor,floor
floor,floor,floor,dirt-floor,cobbled-floor,cobbled-floor,cobbled-floor,cobbled-floor,floor,floor,Roofs/top-left-edge,Roofs/top-left,Roofs/roof,Roofs/bottom-right,Roofs/bottom-right-edge,Walls/wall,Walls/right,Walls/Decor/pillar-bottom,Shadows/top,Shadows/top-left,cobbled-floor,Shadows/top,Walls/Decor/pillar-bottom,Walls/left,Walls/wall,Roofs/bottom-left-edge,Roofs/bottom-left,Roofs/brick,Roofs/top-right,Roofs/top-right-edge,Shadows/bottom-left,floor,cobbled-floor,cobbled-floor,cobbled-floor,cobbled-floor,floor,floor,floor,floor
floor,floor,floor,dirt-floor,cobbled-floor,cobbled-floor,cobbled-floor,cobbled-floor,floor,floor,Roofs/left,Roofs/roof,Roofs/roof,Roofs/right,Walls/right,Shadows/left-arc,Shadows/top,Shadows/top-left,floor,floor,cobbled-floor,floor,dirt-floor,Shadows/top,Shadows/top,Walls/left,Roofs/left,Roofs/roof,Roofs/roof,Roofs/right,Shadows/left,floor,cobbled-floor,cobbled-floor,cobbled-floor,cobbled-floor,cobbled-floor,floor,floor,floor
floor,floor,floor,floor,cobbled-floor,cobbled-floor,cobbled-floor,cobbled-floor,floor,floor,Roofs/left,Roofs/brick,Roofs/bottom-right,Roofs/bottom-right-edge,Shadows/left-arc,Shadows/top-left,dirt-floor,dirt-floor,floor,dirt-floor,cobbled-floor,floor,floor,floor,floor,Shadows/top,Roofs/bottom-left-edge,Roofs/bottom-left,Roofs/roof,Roofs/right,Shadows/left,floor,floor,cobbled-floor,cobbled-floor,cobbled-floor,cobbled-floor,floor,floor,floor
floor,floor,floor,floor,cobbled-floor,cobbled-floor,cobbled-floor,cobbled-floor,floor,Roofs/top-left-edge,Roofs/top-left,Roofs/brick,Roofs/right,Walls/right,Shadows/left,floor,floor,floor,floor,cobbled-floor,cobbled-floor,cobbled-floor,floor,floor,floor,dirt-floor,Walls/left,Roofs/left,Roofs/brick,Roofs/top-right,Roofs/top-right-edge,Shadows/bottom-left,floor,cobbled-floor,cobbled-floor,cobbled-floor,cobbled-floor,floor,floor,floor
floor,floor,floor,cobbled-floor,cobbled-floor,cobbled-floor,cobbled-floor,cobbled-floor,floor,Roofs/bottom-left-edge,Roofs/bottom,Roofs/bottom,Roofs/bottom-right-edge,Shadows/left-arc,Shadows/top-left,floor,floor,floor,cobbled-floor,cobbled-floor,cobbled-floor,cobbled-floor,cobbled-floor,floor,floor,dirt-floor,Shadows/top,Roofs/bottom-left-edge,Roofs/bottom,Roofs/bottom,Roofs/bottom-right-edge,Shadows/left,floor,floor,cobbled-floor,cobbled-floor,cobbled-floor,floor,floor,floor
floor,floor,cobbled-floor,cobbled-floor,cobbled-floor,cobbled-floor,cobbled-floor,cobbled-floor,floor,Walls/left,Walls/wall,Walls/wall,Walls/right,Shadows/left,floor,floor,dirt-floor,cobbled-floor,cobbled-floor,cobbled-floor,cobbled-floor,cobbled-floor,cobbled-floor,cobbled-floor,floor,floor,dirt-floor,Walls/left,Walls/wall,Walls/wall,Walls/right,Shadows/left,floor,floor,cobbled-floor,cobbled-floor,cobbled-floor,cobbled-floor,floor,floor
cobbled-floor,cobbled-floor,cobbled-floor,cobbled-floor,cobbled-floor,cobbled-floor,cobbled-floor,cobbled-floor,cobbled-floor,cobbled-floor,cobbled-floor,cobbled-floor,cobbled-floor,cobbled-floor,cobbled-floor,cobbled-floor,cobbled-floor,cobbled-floor,cobbled-floor,cobbled-floor,cobbled-floor,cobbled-floor,cobbled-floor,cobbled-floor,cobbled-floor,cobbled-floor,cobbled-floor,cobbled-floor,cobbled-floor,cobbled-floor,cobbled-floor,cobbled-floor,cobbled-floor,cobbled-floor,cobbled-floor,cobbled-floor,cobbled-floor,cobbled-floor,cobbled-floor,cobbled-floor
floor,floor,cobbled-floor,cobbled-floor,cobbled-floor,cobbled-floor,cobbled-floor,floor,floor,Roofs/top-left-edge,Roofs/top,Roofs/top,Roofs/top-right-edge,Shadows/bottom-left,floor,floor,floor,cobbled-floor,cobbled-floor,cobbled-floor,cobbled-floor,cobbled-floor,cobbled-floor,cobbled-floor,floor,floor,dirt-floor,Roofs/top-left-edge,Roofs/top,Roofs/top,Roofs/top-right-edge,Shadows/bottom-left,floor,floor,cobbled-floor,cobbled-floor,cobbled-floor,cobbled-floor,floor,floor
floor,floor,cobbled-floor,cobbled-floor,dirt-floor,cobbled-floor,cobbled-floor,floor,floor,Roofs/bottom-left-edge,Roofs/bottom-left,Roofs/roof,Roofs/right,Shadows/left,floor,dirt-floor,floor,floor,cobbled-floor,cobbled-floor,cobbled-floor,cobbled-floor,cobbled-floor,dirt-floor,floor,floor,dirt-floor,Roofs/left,Roofs/roof,Roofs/bottom-right,Roofs/bottom-right-edge,Shadows/left-dirt,floor,floor,cobbled-floor,cobbled-floor,cobbled-floor,floor,floor,floor
floor,floor,floor,cobbled-floor,cobbled-floor,cobbled-floor,cobbled-floor,cobbled-floor,floor,Walls/left,Roofs/left,Roofs/cobbled,Roofs/top-right,Roofs/top-right-edge,Shadows/bottom-left,floor,floor,floor,floor,cobbled-floor,cobbled-floor,cobbled-floor,floor,dirt-floor,floor,floor,Roofs/top-left-edge,Roofs/top-left,Roofs/roof,Roofs/right,Walls/right,Shadows/left-dirt,floor,floor,cobbled-floor,cobbled-floor,cobbled-floor,floor,floor,floor
floor,floor,floor,cobbled-floor,cobbled-floor,cobbled-floor,cobbled-floor,cobbled-floor,floor,Shadows/top,Roofs/left,Roofs/cobbled,Roofs/cobbled,Roofs/right,Shadows/left,floor,floor,floor,floor,floor,cobbled-floor,floor,floor,floor,floor,dirt-floor,Roofs/left,Roofs/roof,Roofs/roof,Roofs/right,Shadows/left-arc,Shadows/top-left,floor,cobbled-floor,cobbled-floor,cobbled-floor,cobbled-floor,floor,floor,floor
floor,floor,floor,floor,cobbled-floor,cobbled-floor,cobbled-floor,cobbled-floor,floor,floor,Roofs/bottom-left-edge,Roofs/bottom-left,Roofs/roof,Roofs/top-right,Roofs/top-right-edge,Shadows/bottom-left,dirt-floor,floor,floor,floor,cobbled-floor,floor,floor,floor,dirt-floor,Roofs/top-left-edge,Roofs/top-left,Roofs/cobbled,Roofs/bottom-right,Roofs/bottom-right-edge,Shadows/left,floor,floor,cobbled-floor,cobbled-floor,cobbled-floor,cobbled-floor,floor,floor,floor
floor,floor,floor,floor,cobbled-floor,cobbled-floor,cobbled-floor,cobbled-floor,cobbled-floor,floor,Walls/left,Roofs/bottom-left-edge,Roofs/bottom-left,Roofs/roof,Roofs/top-right,Roofs/top,Roofs/top-right-edge,Shadows/bottom-left,dirt-floor,floor,cobbled-floor,dirt-floor,dirt-floor,Roofs/top-left-edge,Roofs/top,Roofs/top-left,Roofs/cobbled,Roofs/bottom-right,Roofs/bottom-right-edge,Walls/right,Shadows/left,floor,floor,cobbled-floor,cobbled-floor,cobbled-floor,floor,floor,floor,floor
floor,floor,floor,floor,cobbled-floor,cobbled-floor,dirt-floor,cobbled-floor,cobbled-floor,floor,Shadows/top,Walls/left,Roofs/bottom-left-edge,Roofs/bottom-left,Roofs/roof,Roofs/roof,Roofs/top-right,Roofs/top,Roofs/top-right-edge,Shadows/bottom-left,cobbled-floor,Roofs/top-left-edge,Roofs/top,Roofs/top-left,Roofs/cobbled,Roofs/cobbled,Roofs/bottom-right,Roofs/bottom-right-edge,Walls/right,Shadows/left-arc,Shadows/top-left,floor,floor,cobbled-floor,cobbled-floor,cobbled-floor,floor,floor,floor,floor
floor,floor,floor,floor,floor,cobbled-floor,cobbled-floor,cobbled-floor,cobbled-floor,floor,floor,Shadows/top,Walls/left,Roofs/bottom-left-edge,Roofs/bottom-left,Roofs/roof,Roofs/cobbled,Roofs/roof,Roofs/right,Shadows/left,cobbled-floor,Roofs/left,Roofs/roof,Roofs/roof,Roofs/roof,Roofs/bottom-right,Roofs/bottom-right-edge,Walls/right,Shadows/left-arc,Shadows/top-left,floor,floor,cobbled-floor,cobbled-floor,cobbled-floor,cobbled-floor,floor,floor,floor,floor
floor,floor,floor,floor,floor,cobbled-floor,cobbled-floor,cobbled-floor,cobbled-floor,cobbled-floor,floor,floor,Shadows/top,Walls/left,Roofs/bottom-left-edge,Walls/Decor/pillar-head,Roofs/bottom,Roofs/bottom-left,Roofs/right,Shadows/left,cobbled-floor,Roofs/left,Roofs/bottom-right,Roofs/bottom,Walls/Decor/pillar-head,Roofs/bottom-right-edge,Walls/right,Shadows/left-arc,Shadows/top-left,floor,floor,floor,cobbled-floor,cobbled-floor,cobbled-floor,cobbled-floor,floor,floor,floor,floor
floor,floor,floor,floor,floor,floor,cobbled-floor,cobbled-floor,cobbled-floor,cobbled-floor,cobbled-floor,floor,floor,Shadows/top,Walls/left,Walls/Decor/pillar,Walls/wall,Roofs/bottom-left-edge,Roofs/bottom-right-edge,Shadows/left,cobbled-floor,Roofs/bottom-left-edge,Roofs/bottom-right-edge,Walls/wall,Walls/Decor/pillar,Walls/right,Shadows/left-arc,Shadows/top-left,floor,floor,floor,cobbled-floor,cobbled-floor,cobbled-floor,cobbled-floor,floor,floor,floor,floor,floor
floor,floor,floor,floor,floor,floor,cobbled-floor,cobbled-floor,cobbled-floor,cobbled-floor,cobbled-floor,cobbled-floor,cobbled-floor,floor,Shadows/top,Walls/Decor/pillar-bottom,Shadows/top,Walls/left,Walls/right,Shadows/left,cobbled-floor,Walls/left,Walls/right,Shadows/left-arc,Walls/Decor/pillar-bottom,Shadows/top,Shadows/top-left,cobbled-floor,cobbled-floor,cobbled-floor,cobbled-floor,cobbled-floor,cobbled-floor,cobbled-floor,cobbled-floor,floor,floor,floor,floor,floor
floor,floor,floor,floor,floor,floor,floor,floor,cobbled-floor,cobbled-floor,cobbled-floor,cobbled-floor,cobbled-floor,cobbled-floor,cobbled-floor,cobbled-floor,floor,Shadows/top,Shadows/top,Shadows/top-left,cobbled-floor,Shadows/top,Shadows/top,cobbled-floor,cobbled-floor,cobbled-floor,cobbled-floor,cobbled-floor,cobbled-floor,cobbled-floor,cobbled-floor,cobbled-floor,cobbled-floor,floor,floor,floor,floor,floor,floor,floor
floor,floor,floor,floor,floor,floor,floor,floor,floor,floor,floor,cobbled-floor,cobbled-floor,cobbled-floor,cobbled-floor,cobbled-floor,cobbled-floor,cobbled-floor,floor,floor,cobbled-floor,cobbled-floor,cobbled-floor,cobbled-floor,cobbled-floor,cobbled-floor,cobbled-floor,cobbled-floor,cobbled-floor,floor,floor,floor,floor,floor,floor,floor,floor,floor,floor,floor
floor,floor,floor,floor,floor,floor,floor,floor,floor,floor,floor,floor,floor,floor,floor,cobbled-floor,cobbled-floor,cobbled-floor,cobbled-floor,cobbled-floor,cobbled-floor,cobbled-floor,cobbled-floor,cobbled-floor,cobbled-floor,floor,floor,floor,floor,floor,floor,floor,floor,floor,floor,floor,floor,floor,floor,floor
floor,floor,floor,floor,floor,floor,floor,floor,floor,floor,floor,floor,floor,floor,floor,floor,floor,floor,cobbled-floor,cobbled-floor,cobbled-floor,cobbled-floor,cobbled-floor,floor,floor,floor,floor,floor,floor,floor,floor,floor,floor,floor,floor,floor,floor,floor,floor,floor
Roofs/top-right-edge,floor,floor,floor,floor,floor,floor,floor,floor,floor,floor,floor,floor,floor,floor,floor,floor,floor,floor,cobbled-floor,cobbled-floor,cobbled-floor,floor,floor,floor,floor,floor,floor,floor,floor,floor,floor,floor,floor,floor,floor,floor,floor,floor,Roofs/top-left-edge
Roofs/top-right,Roofs/top,Roofs/top-right-edge,floor,floor,floor,floor,floor,floor,floor,floor,floor,floor,floor,floor,floor,floor,floor,floor,cobbled-floor,cobbled-floor,cobbled-floor,floor,floor,floor,floor,floor,floor,floor,floor,floor,floor,floor,floor,floor,floor,floor,Roofs/top-left-edge,Roofs/top,Roofs/top-left
Roofs/roof,Roofs/roof,Roofs/top-right,Roofs/top-right-edge,floor,floor,floor,floor,floor,floor,floor,floor,floor,floor,floor,floor,floor,floor,floor,cobbled-floor,cobbled-floor,cobbled-floor,floor,floor,floor,floor,floor,floor,floor,floor,floor,floor,floor,floor,floor,floor,Roofs/top-left-edge,Roofs/top-left,Roofs/roof,Roofs/roof
Roofs/roof,Roofs/roof,Roofs/roof,Roofs/top-right,Roofs/top-right-edge,Shadows/bottom-left,floor,floor,floor,floor,floor,floor,floor,floor,floor,floor,floor,floor,floor,cobbled-floor,cobbled-floor,cobbled-floor,floor,floor,floor,floor,floor,floor,floor,floor,floor,floor,floor,floor,floor,floor,Roofs/bottom-left-edge,Roofs/bottom,Roofs/bottom,Roofs/bottom
Roofs/bottom,Roofs/bottom,Roofs/bottom,Roofs/bottom,Roofs/bottom-right-edge,Shadows/left,floor,floor,floor,floor,floor,floor,floor,floor,floor,floor,floor,floor,floor,cobbled-floor,cobbled-floor,cobbled-floor,floor,floor,floor,floor,floor,floor,floor,floor,floor,floor,floor,floor,floor,floor,Walls/left,Walls/wall,Walls/wall,Walls/wall
Walls/wall,Walls/wall,Walls/wall,Walls/wall,Walls/wall,Shadows/left,floor,Roofs/top-left-edge,Roofs/top-right-edge,floor,floor,floor,floor,floor,floor,floor,floor,floor,floor,cobbled-floor,cobbled-floor,cobbled-floor,floor,floor,floor,floor,floor,floor,floor,floor,floor,Roofs/top-left-edge,Roofs/top,Roofs/top-right-edge,floor,floor,Shadows/top,Shadows/top-dirt,Shadows/top-dirt,Shadows/top-dirt
Shadows/top,Shadows/top,Shadows/top,Shadows/top,Shadows/top,Shadows/top-left,floor,Roofs/left,Roofs/top-right,Roofs/top,Roofs/top-right-edge,floor,floor,floor,floor,floor,floor,floor,floor,cobbled-floor,cobbled-floor,cobbled-floor,floor,floor,floor,floor,floor,floor,floor,Roofs/top-left-edge,Roofs/top,Roofs/top-left,Roofs/roof,Roofs/top-right,Roofs/top-right-edge,floor,floor,floor,floor,floor
floor,floor,floor,floor,floor,floor,floor,Roofs/bottom-left-edge,Roofs/bottom-left,Roofs/roof,Roofs/roof,Roofs/top-right-edge,floor,floor,floor,floor,floor,floor,floor,cobbled-floor,cobbled-floor,cobbled-floor,floor,floor,floor,floor,floor,floor,Roofs/top-left-edge,Roofs/top-left,Roofs/roof,Roofs/roof,Roofs/roof,Roofs/roof,Roofs/right,floor,floor,floor,floor,floor
floor,floor,floor,floor,floor,floor,floor,Walls/left,Roofs/left,Roofs/roof,Roofs/roof,Roofs/top-right,Roofs/top-right-edge,floor,floor,floor,floor,floor,floor,cobbled-floor,cobbled-floor,cobbled-floor,floor,floor,floor,floor,floor,Roofs/top-left-edge,Roofs/top-left,Roofs/roof,Roofs/roof,Roofs/roof,Roofs/roof,Roofs/roof,Roofs/right,Grass/bottom,Grass/bottom,Grass/bottom,Grass/bottom,Grass/bottom
Grass/bottom,Grass/bottom,Grass/bottom,Grass/bottom,Grass/bottom,Grass/bottom,Grass/bottom,Grass/bottom,Roofs/left,Roofs/roof,Roofs/roof,Roofs/roof,Roofs/top-right,Roofs/top,Roofs/top-right-edge,floor,floor,floor,floor,cobbled-floor,cobbled-floor,cobbled-floor,floor,floor,floor,Roofs/top-left-edge,Roofs/top,Roofs/top-left,Roofs/roof,Roofs/roof,Roofs/roof,Roofs/roof,Roofs/roof,Roofs/roof,Roofs/right,grass,grass,grass,grass,grass
grass,grass,grass,grass,grass,grass,grass,Roofs/top-left-edge,Roofs/top-left,Roofs/roof,Roofs/roof,Roofs/roof,Roofs/roof,Roofs/roof,Roofs/top-right,Roofs/top-right-edge,floor,floor,floor,cobbled-floor,cobbled-floor,cobbled-floor,floor,floor,Roofs/top-left-edge,Roofs/top-left,Roofs/roof,Roofs/roof,Roofs/roof,Roofs/roof,Roofs/roof,Roofs/roof,Roofs/roof,Roofs/roof,Roofs/top-right,Roofs/top,Roofs/top-right-edge,grass,grass,grass
grass,grass,grass,grass,grass,Roofs/top-left-edge,Roofs/top,Roofs/top-left,Roofs/roof,Roofs/roof,Roofs/roof,Roofs/roof,Roofs/roof,Roofs/roof,Roofs/roof,Roofs/right,Stairs/left,Stairs/middle,Stairs/middle,Stairs/middle,Stairs/middle,Stairs/middle,Stairs/middle,Stairs/right,Roofs/left,Roofs/roof,Roofs/roof,Roofs/roof,Roofs/roof,Roofs/roof,Roofs/roof,Roofs/roof,Roofs/roof,Roofs/roof,Roofs/roof,Roofs/roof,Roofs/top-right,Roofs/top,Roofs/top,Roofs/top
Roofs/top,Roofs/top,Roofs/top,Roofs/top,Roofs/top,Roofs/top-left,Roofs/roof,Roofs/roof,Roofs/roof,Roofs/roof,Roofs/roof,Roofs/roof,Roofs/roof,Roofs/roof,Roofs/roof,Roofs/right,Stairs/left,Stairs/middle,Stairs/middle,Stairs/middle,Stairs/middle,Stairs/middle,Stairs/middle,Stairs/right,Roofs/left,Roofs/roof,Roofs/roof,Roofs/roof,Roofs/roof,Roofs/roof,Roofs/roof,Roofs/roof,Roofs/roof,Roofs/roof,Roofs/roof,Roofs/roof,Roofs/roof,Roofs/roof,Roofs/roof,Roofs/roof
Roofs/bottom,Roofs/bottom,Roofs/bottom,Roofs/bottom,Roofs/bottom,Roofs/bottom,Roofs/bottom,Roofs/bottom,Roofs/bottom,Roofs/bottom,Roofs/bottom,Roofs/bottom,Roofs/bottom,Roofs/bottom,Roofs/bottom,Roofs/bottom-right-edge,Stairs/left,Stairs/middle,Stairs/middle,Stairs/middle,Stairs/middle,Stairs/middle,Stairs/middle,Stairs/right,Roofs/bottom-left-edge,Roofs/bottom,Roofs/bottom,Roofs/bottom,Roofs/bottom,Roofs/bottom,Roofs/bottom,Roofs/bottom,Roofs/bottom,Roofs/bottom,Roofs/bottom,Roofs/bottom,Roofs/bottom,Roofs/bottom,Roofs/bottom,Roofs/bottom
Walls/wall,Walls/wall,Walls/wall,Walls/wall,Walls/wall,Walls/wall,Walls/wall,Walls/wall,Walls/wall,Walls/wall,Walls/wall,Walls/wall,Walls/wall,Walls/wall,Walls/wall,Walls/right,Stairs/left,Stairs/middle,Stairs/middle,Stairs/middle,Stairs/middle,Stairs/middle,Stairs/middle,Stairs/right,Walls/left,Walls/wall,Walls/wall,Walls/wall,Walls/wall,Walls/wall,Walls/wall,Walls/wall,Walls/wall,Walls/wall,Walls/wall,Walls/wall,Walls/wall,Walls/wall,Walls/wall,Walls/wall
Grass/top-left,Grass/top,Grass/top,Grass/top,Grass/top,Grass/top,Grass/top,Grass/top,Grass/top,Grass/top,Grass/top,Grass/top,Grass/top,Grass/top,Grass/top-right,grass,grass,grass,grass,grass,grass,grass,grass,grass,grass,Grass/top-left,Grass/top,Grass/top,Grass/top,Grass/top,Grass/top,Grass/top,Grass/top,Grass/top,Grass/top,Grass/top,Grass/top,Grass/top,Grass/top,Grass/top-right
Grass/left,floor,floor,floor,floor,floor,floor,floor,floor,floor,floor,floor,floor,floor,Grass/right,grass,grass,grass,grass,grass,grass,grass,grass,grass,grass,Grass/left,floor,floor,floor,floor,floor,floor,floor,floor,floor,floor,floor,floor,floor,Grass/right
Grass/bottom-left,Grass/bottom,Grass/bottom,Grass/bottom,Grass/bottom,Grass/bottom,Grass/bottom,Grass/bottom,Grass/bottom,Grass/bottom,Grass/bottom,Grass/bottom,Grass/bottom,Grass/bottom,Grass/bottom-right,grass,grass,grass,grass,grass,grass,grass,grass,grass,grass,Grass/bottom-left,Grass/bottom,Grass/bottom,Grass/bottom,Grass/bottom,Grass/bottom,Grass/bottom,Grass/bottom,Grass/bottom,Grass/bottom,Grass/bottom,Grass/bottom,Grass/bottom,Grass/bottom,Grass/bottom-right
grass,grass,grass,grass,Grass/leafy,Grass/leafy,Grass/leafy,Grass/leafy,grass,grass,grass,grass,grass,grass,grass,grass,grass,grass,grass,grass,grass,grass,grass,grass,grass,grass,grass,grass,grass,grass,grass,Grass/leafy,Grass/leafy,grass,grass,grass,grass,grass,grass,grass
grass,grass,grass,grass,grass,grass,grass,grass,Grass/leafy,Grass/leafy,Grass/leafy,Grass/leafy,Grass/leafy,Grass/leafy,Grass/leafy,Grass/leafy,Grass/leafy,Grass/leafy,grass,grass,grass,grass,grass,grass,grass,Grass/leafy,Grass/leafy,Grass/leafy,grass,grass,grass,grass,Grass/leafy,grass,grass,grass,grass,grass,grass,grass
grass,grass,grass,grass,grass,grass,grass,grass,grass,grass,grass,grass,grass,grass,grass,grass,grass,grass,grass,grass,Grass/leafy,Grass/leafy,Grass/leafy,Grass/leafy,Grass/leafy,Grass/leafy,grass,grass,grass,grass,grass,grass,grass,Grass/leafy,grass,grass,grass,grass,grass,grass
grass,grass,grass,grass,grass,grass,grass,grass,grass,grass,grass,grass,grass,grass,grass,Grass/leafy,Grass/leafy,Grass/leafy,Grass/leafy,Grass/leafy,grass,grass,grass,grass,grass,grass,grass,grass,grass,grass,grass,grass,grass,Grass/leafy,Grass/leafy,grass,grass,grass,grass,grass
grass,grass,grass,grass,grass,grass,grass,grass,grass,grass,Grass/leafy,Grass/leafy,Grass/leafy,Grass/leafy,Grass/leafy,grass,grass,grass,grass,grass,grass,grass,grass,grass,grass,grass,Grass/leafy,Grass/leafy,Grass/leafy,grass,grass,grass,grass,grass,Grass/leafy,grass,grass,grass,grass,grass
grass,grass,grass,grass,grass,grass,grass,Grass/leafy,Grass/leafy,Grass/leafy,Grass/leafy,grass,grass,grass,grass,grass,grass,grass,grass,grass,grass,grass,grass,Grass/leafy,Grass/leafy,Grass/leafy,grass,grass,grass,grass,grass,grass,grass,grass,Grass/leafy,grass,grass,grass,grass,grass
grass,grass,grass,grass,grass,grass,Grass/leafy,grass,grass,grass,grass,grass,grass,grass,grass,grass,grass,grass,grass,grass,Grass/leafy,Grass/leafy,Grass/leafy,grass,grass,grass,grass,grass,grass,grass,grass,grass,grass,grass,Grass/leafy,grass,grass,grass,grass,grass
grass,grass,grass,grass,grass,grass,grass,grass,grass,grass,grass,grass,grass,grass,grass,grass,grass,grass,grass,Grass/leafy,grass,grass,grass,grass,grass,grass,grass,grass,grass,grass,grass,grass,grass,grass,grass,Grass/leafy,grass,grass,grass,grass
grass,grass,grass,grass,grass,grass,grass,grass,grass,grass,grass,grass,grass,grass,grass,grass,Grass/leafy,Grass/leafy,Grass/leafy,grass,grass,grass,grass,grass,grass,grass,grass,grass,Grass/leafy,Grass/leafy,grass,grass,grass,Grass/leafy,Grass/leafy,Grass/leafy,grass,grass,grass,grass
grass,grass,grass,grass,grass,grass,grass,grass,grass,grass,grass,grass,grass,grass,Grass/leafy,Grass/leafy,Grass/leafy,Grass/leafy,Grass/leafy,Grass/leafy,Grass/leafy,Grass/leafy,Grass/leafy,Grass/leafy,Grass/leafy,Grass/leafy,Grass/leafy,Grass/leafy,grass,grass,grass,grass,grass,grass,grass,Grass/leafy,grass,grass,grass,grass
grass,grass,grass,grass,grass,grass,grass,grass,grass,grass,grass,grass,Grass/leafy,Grass/leafy,Grass/leafy,Grass/leafy,Grass/leafy,grass,grass,grass,grass,grass,grass,grass,grass,grass,grass,grass,grass,grass,grass,grass,grass,grass,grass,Grass/leafy,Grass/leafy,grass,grass,grass
grass,grass,grass,grass,grass,grass,grass,grass,grass,grass,grass,Grass/leafy,grass,grass,grass,grass,grass,grass,grass,grass,grass,grass,grass,grass,grass,grass,grass,grass,grass,grass,grass,grass,grass,grass,grass,grass,Grass/leafy,grass,grass,grass
grass,grass,grass,grass,grass,grass,grass,grass,grass,Grass/leafy,Grass/leafy,grass,grass,grass,grass,grass,grass,grass,grass,grass,grass,grass,grass,grass,grass,grass,grass,grass,grass,grass,grass,grass,grass,grass,grass,grass,Grass/leafy,grass,grass,grass
grass,grass,grass,grass,grass,grass,grass,grass,Grass/leafy,Grass/leafy,grass,grass,grass,grass,grass,Grass/leafy,Grass/leafy,Grass/leafy,grass,grass,grass,grass,grass,grass,grass,grass,grass,grass,grass,grass,grass,grass,grass,grass,grass,grass,Grass/leafy,grass,grass,grass
grass,grass,grass,grass,grass,grass,grass,grass,grass,grass,grass,grass,Grass/leafy,Grass/leafy,Grass/leafy,Grass/leafy,grass,grass,grass,grass,grass,grass,grass,grass,grass,grass,grass,grass,grass,grass,grass,grass,grass,grass,grass,grass,Grass/leafy,Grass/leafy,grass,grass
grass,grass,grass,grass,grass,grass,grass,grass,grass,grass,Grass/leafy,Grass/leafy,Grass/leafy,grass,grass,grass,grass,grass,grass,grass,grass,grass,grass,grass,grass,grass,grass,grass,grass,Grass/flowery,grass,grass,grass,grass,grass,grass,grass,Grass/leafy,grass,grass
grass,grass,grass,grass,grass,grass,grass,Grass/leafy,Grass/leafy,Grass/leafy,grass,grass,grass,grass,grass,grass,grass,grass,grass,grass,grass,grass,grass,grass,grass,grass,grass,grass,grass,Grass/flowery,Grass/top-left,Grass/top-right,Grass/flowery,grass,Grass/flowery,grass,grass,Grass/leafy,grass,grass
grass,grass,grass,grass,grass,Grass/leafy,Grass/leafy,Grass/leafy,grass,grass,grass,grass,grass,grass,grass,grass,grass,grass,grass,grass,grass,grass,grass,grass,Grass/flowery,grass,Grass/flowery,grass,Grass/flowery,Grass/top-left,Grass/top-left-corner,Grass/top-right-corner,Grass/top-right,Grass/flowery,Grass/flowery,grass,grass,Grass/leafy,grass,grass
grass,grass,grass,Grass/leafy,Grass/leafy,Grass/leafy,grass,grass,grass,grass,grass,grass,grass,grass,grass,grass,grass,grass,Grass/flowery,Grass/flowery,Grass/flowery,Grass/flowery,Grass/flowery,Grass/flowery,Grass/top-left,Grass/flowery,Grass/top-right,Grass/flowery,Grass/top-left,Grass/top-left-corner,floor,Grass/flowery,Grass/right,Grass/flowery,Grass/flowery,grass,grass,Grass/leafy,grass,grass
grass,grass,grass,grass,grass,grass,grass,grass,grass,grass,grass,grass,grass,grass,grass,grass,grass,Grass/flowery,Grass/top-left,Grass/top,Grass/top,Grass/top,Grass/top,Grass/top,Grass/top-left-corner,Grass/flowery,Grass/top-right-corner,Grass/top,Grass/top-left-corner,floor,floor,floor,Grass/right,Grass/flowery,grass,grass,grass,Grass/leafy,Grass/leafy,grass
grass,grass,grass,grass,grass,grass,grass,grass,grass,grass,grass,grass,grass,grass,grass,grass,Grass/flowery,Grass/top-left,Grass/top-left-corner,floor,floor,floor,floor,floor,Grass/flowery,floor,Grass/flowery,floor,floor,floor,Grass/flowery,floor,Grass/right,Grass/flowery,grass,grass,grass,grass,Grass/leafy,grass
grass,grass,grass,grass,grass,grass,grass,grass,grass,grass,grass,grass,grass,grass,grass,Grass/flowery,Grass/top-left,Grass/top-left-corner,floor,floor,floor,floor,floor,floor,floor,Grass/flowery,floor,floor,floor,floor,Grass/flowery,floor,Grass/flowery,Grass/top-right,Grass/flowery,grass,grass,grass,Grass/leafy,grass
grass,grass,grass,grass,grass,grass,grass,grass,grass,grass,grass,grass,grass,grass,grass,Grass/flowery,Grass/left,floor,floor,floor,floor,floor,floor,floor,floor,floor,floor,Grass/flowery,floor,floor,Grass/flowery,Grass/flowery,Grass/flowery,Grass/right,Grass/flowery,grass,grass,grass,Grass/leafy,grass
grass,grass,grass,grass,grass,grass,grass,grass,grass,grass,grass,grass,grass,grass,grass,Grass/flowery,Grass/left,Grass/bottom-right-corner,Grass/bottom,Grass/bottom,Grass/bottom,Grass/bottom,Grass/bottom-left-corner,floor,floor,floor,Grass/flowery,floor,floor,Grass/flowery,Grass/flowery,Grass/flowery,Grass/flowery,Grass/right,Grass/flowery,grass,grass,grass,grass,grass
grass,grass,grass,grass,grass,grass,grass,grass,grass,grass,grass,grass,grass,grass,grass,Grass/flowery,Grass/left,Grass/bottom-right,Grass/flowery,Grass/flowery,Grass/flowery,Grass/flowery,Grass/left,floor,floor,floor,floor,floor,floor,Grass/flowery,Grass/flowery,Grass/flowery,Grass/bottom-right-corner,Grass/bottom-right,Grass/flowery,grass,grass,grass,grass,grass
Grass/top,Grass/top,Grass/top,Grass/top,Grass/top,Grass/top,Grass/top,Grass/top,Grass/top,Grass/top,Grass/top-right,grass,grass,grass,grass,Grass/flowery,Grass/bottom-left,Grass/flowery,grass,grass,Grass/flowery,Grass/top-left,Grass/top-left-corner,floor,floor,floor,floor,floor,Grass/flowery,Grass/flowery,Grass/flowery,Grass/bottom-right-corner,Grass/bottom-right,Grass/flowery,grass,grass,grass,grass,grass,grass
Roofs/top,Roofs/top,Roofs/top,Roofs/top,Roofs/top,Roofs/top,Roofs/top,Roofs/top,Roofs/top-right-edge,Shadows/bottom-left,Grass/right,grass,grass,grass,grass,grass,Grass/flowery,grass,grass,grass,Grass/flowery,Grass/left,floor,floor,floor,floor,floor,Grass/flowery,Grass/flowery,Grass/flowery,Grass/bottom-right-corner,Grass/bottom-right,Grass/flowery,grass,grass,grass,grass,grass,grass,grass
Roofs/roof,Roofs/roof,Roofs/roof,Roofs/roof,Roofs/roof,Roofs/roof,Roofs/roof,Roofs/roof,Roofs/right,Shadows/left,Grass/right,grass,grass,grass,grass,grass,grass,grass,grass,grass,Grass/flowery,Grass/bottom-left,Grass/bottom,Grass/bottom-left-corner,floor,floor,floor,floor,Grass/bottom-right-corner,Grass/bottom,Grass/bottom-right,Grass/flowery,grass,grass,grass,grass,grass,grass,grass,grass
Roofs/roof,Roofs/roof,Roofs/roof,Roofs/brick,Roofs/roof,Roofs/roof,Roofs/roof,Roofs/cobbled,Roofs/right,Shadows/left,Grass/right,grass,grass,grass,grass,grass,grass,grass,grass,grass,grass,Grass/flowery,Grass/flowery,Grass/bottom-left,Grass/bottom,Grass/bottom-left-corner,Grass/bottom-right-corner,Grass/bottom,Grass/bottom-right,Grass/flowery,Grass/flowery,grass,grass,grass,grass,grass,grass,grass,grass,grass
Roofs/cobbled,Roofs/cobbled,Roofs/roof,Roofs/roof,Roofs/roof,Roofs/roof,Roofs/roof,Roofs/cobbled,Roofs/right,Shadows/left-dirt,Grass/right,grass,grass,grass,grass,grass,grass,grass,grass,grass,grass,grass,grass,Grass/flowery,Grass/flowery,Grass/bottom-left,Grass/bottom-right,Grass/flowery,Grass/flowery,grass,grass,grass,grass,grass,grass,grass,grass,grass,grass,grass
Roofs/cobbled,Roofs/roof,Roofs/roof,Roofs/roof,Roofs/roof,Roofs/roof,Roofs/roof,Roofs/roof,Roofs/right,Shadows/left-dirt,Grass/right,grass,grass,grass,grass,grass,grass,Grass/flowery,Grass/flowery,grass,grass,Grass/flowery,Grass/flowery,Grass/bottom,Grass/bottom,Grass/flowery,Grass/flowery,grass,grass,grass,grass,grass,grass,grass,grass,grass,grass,grass,grass,grass
Roofs/roof,Roofs/roof,Roofs/roof,Roofs/bottom-right,Roofs/bottom,Roofs/bottom,Roofs/bottom,Roofs/bottom,Roofs/bottom-right-edge,Shadows/left-dirt,Grass/right,grass,grass,grass,grass,grass,Grass/flowery,Grass/top-left,Grass/top,Grass/top-right,Grass/flowery,Grass/bottom,Grass/bottom,Grass/flowery,Grass/flowery,grass,grass,grass,grass,grass,grass,grass,grass,grass,grass,grass,grass,grass,grass,grass
Roofs/roof,Roofs/roof,Roofs/bottom-right,Roofs/bottom-right-edge,Walls/wall,Walls/wall,Walls/wall,Walls/wall,Walls/right,Shadows/left,Grass/right,grass,grass,grass,grass,grass,Grass/flowery,Grass/left,floor,Grass/bottom-right-corner,Grass/bottom,Grass/flowery,Grass/flowery,grass,grass,grass,grass,grass,grass,grass,grass,grass,grass,grass,grass,grass,grass,grass,grass,grass
Roofs/roof,Roofs/brick,Roofs/right,Walls/wall,Shadows/left-arc,Shadows/top-dirt,Shadows/top-dirt,Shadows/top,Shadows/top,Shadows/top-left,Grass/right,grass,grass,grass,grass,grass,Grass/flowery,Grass/bottom-left,Grass/bottom,Grass/bottom-right,Grass/flowery,grass,grass,grass,grass,grass,grass,grass,grass,grass,grass,grass,grass,grass,grass,grass,grass,grass,grass,grass
